"Designator","Footprint","Mid X","Mid Y","Ref X","Ref Y","Pad X","Pad Y","Layer","Rotation","Comment"
""
"D19","SOT23_3L_REFLOWSOLDERING","3275mil","1875mil","3275mil","1875mil","3236.614mil","1831.693mil","T","270.00","BAT54C"
"U5","SI943C_REV_A","5574.295mil","1424.583mil","5574.295mil","524.976mil","5574.295mil","682.457mil","T","90.00","SC943-0C"
"L3","744272102","70mil","2370mil","70mil","2370mil","192.441mil","2520mil","T","270.00","744272102"
"C39","0805_REFLOWSOLDERING_CAP","6637.5mil","2056.25mil","6637.5mil","2056.25mil","6673.5mil","2056.25mil","T","180.00","C_0805_X5R_10%_10U-16V"
"C38","0805_REFLOWSOLDERING_CAP","6637.5mil","2137.5mil","6637.5mil","2137.5mil","6601.5mil","2137.5mil","T","0.00","C_0805_X7R_10%_100N-50V"
"VR1","VDR_SERIE_820_D7_H13_E5MM","612.5mil","793.75mil","612.5mil","793.75mil","643.209mil","892.175mil","T","270.00","VDR_820572711"
"D38","DO219AB-SMF-P_REFLOWSOLDERING","7410mil","2630mil","7410mil","2630mil","7467.087mil","2630mil","T","360.00","SMF5V0A-GS08"
"U4","QFP_064_E0,50_10X10MM","3215.15mil","2515.679mil","3215.15mil","2515.679mil","3435.622mil","2368.041mil","T","180.00","PIC16F946-I/PT"
"K13","RELAY_FINDER_40.61_+SUPPORT_95","7875mil","1148.819mil","7875mil","1162.599mil","7727.362mil","1640.945mil","T","0.00","RELAY_12VDC_1RT_BI_40.61.6"
"SUP_K13","RELAY-SUPPORT_FINDER_SERIE95","-2738.709mil","-5069mil","7875mil","1164.37mil","-2738.709mil","-5069mil","T","180.00","RELAY-SUPPORT_95.15.2"
"SUP_K12","RELAY-SUPPORT_FINDER_SERIE95","-2738.709mil","-5069mil","7275mil","1164.37mil","-2738.709mil","-5069mil","T","180.00","RELAY-SUPPORT_95.15.2"
"K12","RELAY_FINDER_40.61_+SUPPORT_95","7275mil","1148.819mil","7275mil","1162.599mil","7127.362mil","1640.945mil","T","0.00","RELAY_12VDC_1RT_BI_40.61.6"
"C34","0805_REFLOWSOLDERING_CAP","8614.797mil","2132.75mil","8614.797mil","2132.75mil","8614.797mil","2168.75mil","T","270.00","C_0805_X7R_10%_100N-50V"
"C27","0805_REFLOWSOLDERING_CAP","5814.797mil","2132.75mil","5814.797mil","2132.75mil","5814.797mil","2168.75mil","T","270.00","C_0805_X7R_10%_100N-50V"
"C5","0805_REFLOWSOLDERING_CAP","1095.25mil","2132.75mil","1095.25mil","2132.75mil","1095.25mil","2168.75mil","T","270.00","C_0805_X7R_10%_100N-50V"
"VR2","VDR_SERIE_820_D7_H13_E5MM","5275mil","330.63mil","5275mil","330.63mil","5244.291mil","232.205mil","T","90.00","VDR_820572711"
"D28","DO219AB-SMF-P_REFLOWSOLDERING","6380mil","2400mil","6380mil","2400mil","6380mil","2342.913mil","T","270.00","SMF5V0A-GS08"
"VR3","VDR_SERIE_820_D7_H13_E5MM","8075mil","330.63mil","8075mil","330.63mil","8044.291mil","232.205mil","T","90.00","VDR_820572711"
"D2","DO219AB-SMF-P_REFLOWSOLDERING","176.25mil","2905.63mil","176.25mil","2905.63mil","233.337mil","2905.63mil","T","360.00","SMF5V0A-GS08"
"D1","DO219AB-SMF-P_REFLOWSOLDERING","176.25mil","3011.88mil","176.25mil","3011.88mil","233.337mil","3011.88mil","T","360.00","SMF5V0A-GS08"
"D41","DO219AB-SMF-P_REFLOWSOLDERING","7645mil","2770mil","7645mil","2770mil","7702.087mil","2770mil","T","360.00","SMF5V0A-GS08"
"D40","DO219AB-SMF-P_REFLOWSOLDERING","7880mil","2770mil","7880mil","2770mil","7937.087mil","2770mil","T","360.00","SMF5V0A-GS08"
"D36","DO219AB-SMF-P_REFLOWSOLDERING","8115mil","2770mil","8115mil","2770mil","8172.087mil","2770mil","T","360.00","SMF5V0A-GS08"
"D35","DO219AB-SMF-P_REFLOWSOLDERING","7175mil","2630mil","7175mil","2630mil","7232.087mil","2630mil","T","360.00","SMF5V0A-GS08"
"D33","DO219AB-SMF-P_REFLOWSOLDERING","8350mil","2770mil","8350mil","2770mil","8407.087mil","2770mil","T","360.00","SMF5V0A-GS08"
"D32","DO219AB-SMF-P_REFLOWSOLDERING","8585mil","2770mil","8585mil","2770mil","8642.087mil","2770mil","T","360.00","SMF5V0A-GS08"
"D30","DO219AB-SMF-P_REFLOWSOLDERING","6940mil","2630mil","6940mil","2630mil","6997.087mil","2630mil","T","360.00","SMF5V0A-GS08"
"D26","DO219AB-SMF-P_REFLOWSOLDERING","5895mil","2365mil","5895mil","2365mil","5895mil","2307.913mil","T","270.00","SMF5V0A-GS08"
"D22","DO219AB-SMF-P_REFLOWSOLDERING","5410mil","2365mil","5410mil","2365mil","5410mil","2307.913mil","T","270.00","SMF5V0A-GS08"
"D20","DO219AB-SMF-P_REFLOWSOLDERING","5245mil","2400mil","5245mil","2400mil","5187.913mil","2400mil","T","180.00","SMF5V0A-GS08"
"D17","DO219AB-SMF-P_REFLOWSOLDERING","4835mil","2400mil","4835mil","2400mil","4777.913mil","2400mil","T","180.00","SMF5V0A-GS08"
"D14","DO219AB-SMF-P_REFLOWSOLDERING","5040mil","2400mil","5040mil","2400mil","4982.913mil","2400mil","T","180.00","SMF5V0A-GS08"
"D12","DO219AB-SMF-P_REFLOWSOLDERING","4630mil","2400mil","4630mil","2400mil","4572.913mil","2400mil","T","180.00","SMF5V0A-GS08"
"D21","DO219AB-SMF-P_REFLOWSOLDERING","4400mil","2340mil","4400mil","2340mil","4400mil","2282.913mil","T","270.00","SMF5V0A-GS08"
"D18","DO219AB-SMF-P_REFLOWSOLDERING","4400mil","2135mil","4400mil","2135mil","4400mil","2077.913mil","T","270.00","SMF5V0A-GS08"
"D16","DO219AB-SMF-P_REFLOWSOLDERING","4400mil","2955mil","4400mil","2955mil","4400mil","2897.913mil","T","270.00","SMF5V0A-GS08"
"D13","DO219AB-SMF-P_REFLOWSOLDERING","4400mil","2545mil","4400mil","2545mil","4400mil","2487.913mil","T","270.00","SMF5V0A-GS08"
"D10","DO219AB-SMF-P_REFLOWSOLDERING","4400mil","2750mil","4400mil","2750mil","4400mil","2692.913mil","T","270.00","SMF5V0A-GS08"
"SI1","CIRCUIT_IMPRIME_SI_STD","-2738.709mil","-5069mil","10812.5mil","643.75mil","-2738.709mil","-5069mil","T","90.00","SI940D"
"C6","0805_REFLOWSOLDERING_CAP","4040mil","2770mil","4040mil","2770mil","4040mil","2806mil","T","270.00","C_0805_X7R_10%_100N-50V"
"C8","0805_REFLOWSOLDERING_CAP","4040mil","2565mil","4040mil","2565mil","4040mil","2601mil","T","270.00","C_0805_X7R_10%_100N-50V"
"C10","0805_REFLOWSOLDERING_CAP","4040mil","2975mil","4040mil","2975mil","4040mil","3011mil","T","270.00","C_0805_X7R_10%_100N-50V"
"C12","0805_REFLOWSOLDERING_CAP","4040mil","2155mil","4040mil","2155mil","4040mil","2191mil","T","270.00","C_0805_X7R_10%_100N-50V"
"C11","0805_REFLOWSOLDERING_CAP","4855mil","2040mil","4855mil","2040mil","4891mil","2040mil","T","180.00","C_0805_X7R_10%_100N-50V"
"C28","0805_REFLOWSOLDERING_CAP","6740mil","2420mil","6740mil","2420mil","6740mil","2456mil","T","270.00","C_0805_X7R_10%_100N-50V"
"C14","0805_REFLOWSOLDERING_CAP","4040mil","2360mil","4040mil","2360mil","4040mil","2396mil","T","270.00","C_0805_X7R_10%_100N-50V"
"C7","0805_REFLOWSOLDERING_CAP","4650mil","2040mil","4650mil","2040mil","4686mil","2040mil","T","180.00","C_0805_X7R_10%_100N-50V"
"C9","0805_REFLOWSOLDERING_CAP","5060mil","2040mil","5060mil","2040mil","5096mil","2040mil","T","180.00","C_0805_X7R_10%_100N-50V"
"C13","0805_REFLOWSOLDERING_CAP","5265mil","2040mil","5265mil","2040mil","5301mil","2040mil","T","180.00","C_0805_X7R_10%_100N-50V"
"C15","0805_REFLOWSOLDERING_CAP","5770mil","2385mil","5770mil","2385mil","5770mil","2421mil","T","270.00","C_0805_X7R_10%_100N-50V"
"C26","0805_REFLOWSOLDERING_CAP","6255mil","2385mil","6255mil","2385mil","6255mil","2421mil","T","270.00","C_0805_X7R_10%_100N-50V"
"C29","0805_REFLOWSOLDERING_CAP","6920mil","2270mil","6920mil","2270mil","6884mil","2270mil","T","360.00","C_0805_X7R_10%_100N-50V"
"C30","0805_REFLOWSOLDERING_CAP","8565mil","2410mil","8565mil","2410mil","8529mil","2410mil","T","360.00","C_0805_X7R_10%_100N-50V"
"C31","0805_REFLOWSOLDERING_CAP","8330mil","2410mil","8330mil","2410mil","8294mil","2410mil","T","360.00","C_0805_X7R_10%_100N-50V"
"C32","0805_REFLOWSOLDERING_CAP","7155mil","2270mil","7155mil","2270mil","7119mil","2270mil","T","360.00","C_0805_X7R_10%_100N-50V"
"C33","0805_REFLOWSOLDERING_CAP","8095mil","2410mil","8095mil","2410mil","8059mil","2410mil","T","360.00","C_0805_X7R_10%_100N-50V"
"C35","0805_REFLOWSOLDERING_CAP","7390mil","2269.37mil","7390mil","2269.37mil","7354mil","2269.37mil","T","360.00","C_0805_X7R_10%_100N-50V"
"C36","0805_REFLOWSOLDERING_CAP","7860mil","2410mil","7860mil","2410mil","7824mil","2410mil","T","360.00","C_0805_X7R_10%_100N-50V"
"C37","0805_REFLOWSOLDERING_CAP","7625mil","2410mil","7625mil","2410mil","7589mil","2410mil","T","360.00","C_0805_X7R_10%_100N-50V"
"C19","0805_REFLOWSOLDERING_CAP","3440.15mil","2809.429mil","3440.15mil","2809.429mil","3440.15mil","2845.429mil","T","270.00","C_0805_X7R_10%_100N-50V"
"C20","0805_REFLOWSOLDERING_CAP","2971.4mil","2815.679mil","2971.4mil","2815.679mil","2971.4mil","2851.679mil","T","270.00","C_0805_X7R_10%_100N-50V"
"C18","0805_REFLOWSOLDERING_CAP","3190.15mil","2934.429mil","3190.15mil","2934.429mil","3190.15mil","2970.429mil","T","270.00","C_0805_X7R_10%_100N-50V"
"C24","0805_REFLOWSOLDERING_CAP","3227.65mil","2128.179mil","3227.65mil","2128.179mil","3227.65mil","2092.179mil","T","90.00","C_0805_X7R_10%_100N-50V"
"C17","0805_REFLOWSOLDERING_CAP","3346.4mil","2884.429mil","3346.4mil","2884.429mil","3346.4mil","2920.429mil","T","270.00","C_0805_X7R_10%_100N-50V"
"C16","0805_REFLOWSOLDERING_CAP","3135mil","2125mil","3135mil","2125mil","3135mil","2161mil","T","270.00","C_0805_X7R_10%_100N-50V"
"D3","DO214BA-P","415mil","2719.37mil","415mil","2719.37mil","415mil","2802.047mil","T","90.00","GF1B"
"DL1","LED_0805_KPX_GREEN","10775mil","2613.386mil","10775mil","2613.386mil","10775mil","2577.386mil","T","270.00","LED_0805_VERT_KP2012"
"FI1","NFE31P","200mil","2770mil","200mil","2770mil","137.5mil","2770mil","T","360.00","EMIFIL_220P_25V/6A_NFE31PT221D1E9L"
"J42","BRESS_FFKDSA1/V2-7,62_P1.3","5512.795mil","300mil","5375mil","93.701mil","5512.795mil","150mil","T","0.00","BRESS_CI_D_7.62_01_FFKDSA1/V2"
"J47","BRESS_FFKDSA1/V2-7,62_P1.3","5912.795mil","300mil","5775mil","93.701mil","5912.795mil","150mil","T","0.00","BRESS_CI_D_7.62_01_FFKDSA1/V2"
"J66","BRESS_FFKDSA1/V2-7,62_P1.3","8712.795mil","300mil","8575mil","93.701mil","8712.795mil","150mil","T","0.00","BRESS_CI_D_7.62_01_FFKDSA1/V2"
"J74","BRESS_FFKDSA1/V2-7,62_P1.3","9912.795mil","300mil","9775mil","93.701mil","9912.795mil","150mil","T","0.00","BRESS_CI_D_7.62_01_FFKDSA1/V2"
"J79","BRESS_FFKDSA1/V2-7,62_P1.3","10312.795mil","300mil","10175mil","93.701mil","10312.795mil","150mil","T","0.00","BRESS_CI_D_7.62_01_FFKDSA1/V2"
"J31","BRESS_FFKDSA1/V2-7,62_P1.3","3412.795mil","-93.701mil","3275mil","-300mil","3412.795mil","-243.701mil","T","0.00","BRESS_CI_D_7.62_01_FFKDSA1/V2"
"J34","BRESS_FFKDSA1/V2-7,62_P1.3","4012.795mil","-93.701mil","3875mil","-300mil","4012.795mil","-243.701mil","T","0.00","BRESS_CI_D_7.62_01_FFKDSA1/V2"
"J37","BRESS_FFKDSA1/V2-7,62_P1.3","4612.795mil","-93.701mil","4475mil","-300mil","4612.795mil","-243.701mil","T","0.00","BRESS_CI_D_7.62_01_FFKDSA1/V2"
"J40","BRESS_FFKDSA/V2-7,62_P1.3","5212.795mil","-93.701mil","5075mil","-300mil","5212.795mil","-243.701mil","T","0.00","BRESS_CI_D_7.62_01_FFKDSA/V2"
"J43","BRESS_FFKDS/V2-5,08_P1.3","5512.795mil","-93.701mil","5375mil","-300mil","5512.795mil","-243.701mil","T","0.00","BRESS_CI_D_5.08_01_FFKDS/V2"
"J45","BRESS_FFKDS/V2-5,08_P1.3","5712.795mil","-93.701mil","5575mil","-300mil","5712.795mil","-243.701mil","T","0.00","BRESS_CI_D_5.08_01_FFKDS/V2"
"J48","BRESS_FFKDSA/V2-7,62_P1.3","5912.795mil","-93.701mil","5775mil","-300mil","5912.795mil","-243.701mil","T","0.00","BRESS_CI_D_7.62_01_FFKDSA/V2"
"J53","BRESS_FFKDSA1/V2-7,62_P1.3","6812.795mil","-93.701mil","6675mil","-300mil","6812.795mil","-243.701mil","T","0.00","BRESS_CI_D_7.62_01_FFKDSA1/V2"
"J56","BRESS_FFKDSA1/V2-7,62_P1.3","7412.795mil","-93.701mil","7275mil","-300mil","7412.795mil","-243.701mil","T","0.00","BRESS_CI_D_7.62_01_FFKDSA1/V2"
"J59","BRESS_FFKDSA/V2-7,62_P1.3","8012.795mil","-93.701mil","7875mil","-300mil","8012.795mil","-243.701mil","T","0.00","BRESS_CI_D_7.62_01_FFKDSA/V2"
"J62","BRESS_FFKDS/V2-5,08_P1.3","8312.795mil","-93.701mil","8175mil","-300mil","8312.795mil","-243.701mil","T","0.00","BRESS_CI_D_5.08_01_FFKDS/V2"
"J64","BRESS_FFKDS/V2-5,08_P1.3","8512.795mil","-93.701mil","8375mil","-300mil","8512.795mil","-243.701mil","T","0.00","BRESS_CI_D_5.08_01_FFKDS/V2"
"J67","BRESS_FFKDSA/V2-7,62_P1.3","8712.795mil","-93.701mil","8575mil","-300mil","8712.795mil","-243.701mil","T","0.00","BRESS_CI_D_7.62_01_FFKDSA/V2"
"J69","BRESS_FFKDSA1/V2-7,62_P1.3","9012.795mil","-93.701mil","8875mil","-300mil","9012.795mil","-243.701mil","T","0.00","BRESS_CI_D_7.62_01_FFKDSA1/V2"
"J72","BRESS_FFKDSA/V2-7,62_P1.3","9612.795mil","-93.701mil","9475mil","-300mil","9612.795mil","-243.701mil","T","0.00","BRESS_CI_D_7.62_01_FFKDSA/V2"
"J75","BRESS_FFKDS/V2-5,08_P1.3","9912.795mil","-93.701mil","9775mil","-300mil","9912.795mil","-243.701mil","T","0.00","BRESS_CI_D_5.08_01_FFKDS/V2"
"J77","BRESS_FFKDS/V2-5,08_P1.3","10112.795mil","-93.701mil","9975mil","-300mil","10112.795mil","-243.701mil","T","0.00","BRESS_CI_D_5.08_01_FFKDS/V2"
"J80","BRESS_FFKDS/V2-5,08_P1.3","10312.795mil","-93.701mil","10175mil","-300mil","10312.795mil","-243.701mil","T","0.00","BRESS_CI_D_5.08_01_FFKDS/V2"
"J82","BRESS_FFKDSA1/V2-7,62_P1.3","10512.795mil","-93.701mil","10375mil","-300mil","10512.795mil","-243.701mil","T","0.00","BRESS_CI_D_7.62_01_FFKDSA1/V2"
"J1","MICRO-MATE-N-LOK_WURTH+TYCO_2X02_D","-25mil","1925.591mil","-25mil","1944.094mil","-84.055mil","2003.15mil","T","180.00","MICRO-MATE-N-LOK_WURTH_2X02_D"
"J2","MICRO-MATE-N-LOK_WURTH+TYCO_2X02_D","-25mil","1135.827mil","-25mil","1117.323mil","34.055mil","1058.268mil","T","360.00","MICRO-MATE-N-LOK_WURTH_2X02_D"
"K4","RELAY_FINDER_40.61_+SUPPORT_95","2075mil","1148.819mil","2075mil","1162.599mil","1927.362mil","1640.945mil","T","0.00","RELAY_12VDC_1RT_BI_40.61.6"
"K5","RELAY_FINDER_40.61_+SUPPORT_95","2675mil","1150.591mil","2675mil","1164.37mil","2527.362mil","1642.717mil","T","0.00","RELAY_12VDC_1RT_BI_40.61.6"
"K6","RELAY_FINDER_40.61_+SUPPORT_95","3275mil","1148.819mil","3275mil","1162.599mil","3127.362mil","1640.945mil","T","0.00","RELAY_12VDC_1RT_BI_40.61.6"
"K7","RELAY_FINDER_40.61_+SUPPORT_95","3875mil","1148.819mil","3875mil","1162.599mil","3727.362mil","1640.945mil","T","0.00","RELAY_12VDC_1RT_BI_40.61.6"
"K8","RELAY_FINDER_40.61_+SUPPORT_95","4475mil","1148.819mil","4475mil","1162.599mil","4327.362mil","1640.945mil","T","0.00","RELAY_12VDC_1RT_BI_40.61.6"
"K9","RELAY_FINDER_40.61_+SUPPORT_95","5075mil","1148.819mil","5075mil","1162.599mil","4927.362mil","1640.945mil","T","0.00","RELAY_12VDC_1RT_BI_40.61.6"
"K10","RELAY_FINDER_40.61_+SUPPORT_95","6075mil","1148.819mil","6075mil","1162.599mil","5927.362mil","1640.945mil","T","0.00","RELAY_12VDC_1RT_BI_40.61.6"
"K11","RELAY_FINDER_40.61_+SUPPORT_95","6675mil","1148.819mil","6675mil","1162.599mil","6527.362mil","1640.945mil","T","0.00","RELAY_12VDC_1RT_BI_40.61.6"
"K14","RELAY_FINDER_40.61_+SUPPORT_95","8875mil","1148.819mil","8875mil","1162.599mil","8727.362mil","1640.945mil","T","0.00","RELAY_12VDC_1RT_BI_40.61.6"
"K15","RELAY_FINDER_40.61_+SUPPORT_95","9475mil","1148.819mil","9475mil","1162.599mil","9327.362mil","1640.945mil","T","0.00","RELAY_12VDC_1RT_BI_40.61.6"
"K1","RELAY_FINDER_34.51_+SUPPORT_93","422.244mil","1275.787mil","375mil","1215.748mil","422.244mil","1617.323mil","T","270.00","RELAY_12VDC_1RT_34.51"
"K2","RELAY_FINDER_34.51_+SUPPORT_93","1222.244mil","1275.787mil","1175mil","1215.748mil","1222.244mil","1617.323mil","T","270.00","RELAY_12VDC_1RT_34.51"
"K3","RELAY_FINDER_34.51_+SUPPORT_93","1622.244mil","1275.787mil","1575mil","1215.748mil","1622.244mil","1617.323mil","T","270.00","RELAY_12VDC_1RT_34.51"
"K16","RELAY_FINDER_34.51_+SUPPORT_93","10022.244mil","1275.787mil","9975mil","1215.748mil","10022.244mil","1617.323mil","T","270.00","RELAY_12VDC_1RT_34.51"
"K17","RELAY_FINDER_34.51_+SUPPORT_93","10422.244mil","1275.787mil","10375mil","1215.748mil","10422.244mil","1617.323mil","T","270.00","RELAY_12VDC_1RT_34.51"
"R45","0805_REFLOWSOLDERING_RES","6125mil","2193.75mil","6125mil","2193.75mil","6161mil","2193.75mil","T","180.00","RES_0805_1%_100PPM_10K"
"R46","0805_REFLOWSOLDERING_RES","6125mil","2093.75mil","6125mil","2093.75mil","6161mil","2093.75mil","T","180.00","RES_0805_1%_100PPM_10K"
"R34","0805_REFLOWSOLDERING_RES","4310mil","2360mil","4310mil","2360mil","4310mil","2396mil","T","270.00","RES_0805_1%_100PPM_10K"
"R12","0805_REFLOWSOLDERING_RES","4650mil","2310mil","4650mil","2310mil","4686mil","2310mil","T","180.00","RES_0805_1%_100PPM_10K"
"R9","0805_REFLOWSOLDERING_RES","4310mil","2770mil","4310mil","2770mil","4310mil","2806mil","T","270.00","RES_0805_1%_100PPM_10K"
"R16","0805_REFLOWSOLDERING_RES","4310mil","2565mil","4310mil","2565mil","4310mil","2601mil","T","270.00","RES_0805_1%_100PPM_10K"
"R21","0805_REFLOWSOLDERING_RES","4310mil","2975mil","4310mil","2975mil","4310mil","3011mil","T","270.00","RES_0805_1%_100PPM_10K"
"R27","0805_REFLOWSOLDERING_RES","4310mil","2155mil","4310mil","2155mil","4310mil","2191mil","T","270.00","RES_0805_1%_100PPM_10K"
"R10","0805_REFLOWSOLDERING_RES","4130mil","2770mil","4130mil","2770mil","4130mil","2806mil","T","270.00","RES_0805_1%_100PPM_22K"
"R15","0805_REFLOWSOLDERING_RES","4130mil","2565mil","4130mil","2565mil","4130mil","2601mil","T","270.00","RES_0805_1%_100PPM_22K"
"R22","0805_REFLOWSOLDERING_RES","4130mil","2975mil","4130mil","2975mil","4130mil","3011mil","T","270.00","RES_0805_1%_100PPM_22K"
"R28","0805_REFLOWSOLDERING_RES","4130mil","2155mil","4130mil","2155mil","4130mil","2191mil","T","270.00","RES_0805_1%_100PPM_22K"
"R25","0805_REFLOWSOLDERING_RES","4855mil","2130mil","4855mil","2130mil","4891mil","2130mil","T","180.00","RES_0805_1%_100PPM_22K"
"R47","0805_REFLOWSOLDERING_RES","6650mil","2420mil","6650mil","2420mil","6650mil","2456mil","T","270.00","RES_0805_1%_100PPM_22K"
"R18","0805_REFLOWSOLDERING_RES","5060mil","2310mil","5060mil","2310mil","5096mil","2310mil","T","180.00","RES_0805_1%_100PPM_10K"
"R24","0805_REFLOWSOLDERING_RES","4855mil","2310mil","4855mil","2310mil","4891mil","2310mil","T","180.00","RES_0805_1%_100PPM_10K"
"R33","0805_REFLOWSOLDERING_RES","4130mil","2360mil","4130mil","2360mil","4130mil","2396mil","T","270.00","RES_0805_1%_100PPM_22K"
"R13","0805_REFLOWSOLDERING_RES","4650mil","2130mil","4650mil","2130mil","4686mil","2130mil","T","180.00","RES_0805_1%_100PPM_22K"
"R19","0805_REFLOWSOLDERING_RES","5060mil","2130mil","5060mil","2130mil","5096mil","2130mil","T","180.00","RES_0805_1%_100PPM_22K"
"R35","0805_REFLOWSOLDERING_RES","4220mil","2360mil","4220mil","2360mil","4220mil","2324mil","T","90.00","RES_0805_1%_100PPM_6.8K"
"R14","0805_REFLOWSOLDERING_RES","4650mil","2220mil","4650mil","2220mil","4614mil","2220mil","T","360.00","RES_0805_1%_100PPM_6.8K"
"R20","0805_REFLOWSOLDERING_RES","5060mil","2220mil","5060mil","2220mil","5024mil","2220mil","T","360.00","RES_0805_1%_100PPM_6.8K"
"R31","0805_REFLOWSOLDERING_RES","5265mil","2310mil","5265mil","2310mil","5301mil","2310mil","T","180.00","RES_0805_1%_100PPM_10K"
"R36","0805_REFLOWSOLDERING_RES","5500mil","2385mil","5500mil","2385mil","5500mil","2421mil","T","270.00","RES_0805_1%_100PPM_10K"
"R44","0805_REFLOWSOLDERING_RES","5985mil","2385mil","5985mil","2385mil","5985mil","2421mil","T","270.00","RES_0805_1%_100PPM_10K"
"R49","0805_REFLOWSOLDERING_RES","6470mil","2420mil","6470mil","2420mil","6470mil","2456mil","T","270.00","RES_0805_1%_100PPM_10K"
"R30","0805_REFLOWSOLDERING_RES","5265mil","2130mil","5265mil","2130mil","5301mil","2130mil","T","180.00","RES_0805_1%_100PPM_22K"
"R37","0805_REFLOWSOLDERING_RES","5680mil","2385mil","5680mil","2385mil","5680mil","2421mil","T","270.00","RES_0805_1%_100PPM_22K"
"R42","0805_REFLOWSOLDERING_RES","6165mil","2385mil","6165mil","2385mil","6165mil","2421mil","T","270.00","RES_0805_1%_100PPM_22K"
"R32","0805_REFLOWSOLDERING_RES","5265mil","2220mil","5265mil","2220mil","5229mil","2220mil","T","360.00","RES_0805_1%_100PPM_6.8K"
"R38","0805_REFLOWSOLDERING_RES","5590mil","2385mil","5590mil","2385mil","5590mil","2349mil","T","90.00","RES_0805_1%_100PPM_6.8K"
"R43","0805_REFLOWSOLDERING_RES","6075mil","2385mil","6075mil","2385mil","6075mil","2349mil","T","90.00","RES_0805_1%_100PPM_6.8K"
"R55","0805_REFLOWSOLDERING_RES","8565mil","2680mil","8565mil","2680mil","8529mil","2680mil","T","360.00","RES_0805_1%_100PPM_10K"
"R58","0805_REFLOWSOLDERING_RES","8330mil","2680mil","8330mil","2680mil","8294mil","2680mil","T","360.00","RES_0805_1%_100PPM_10K"
"R61","0805_REFLOWSOLDERING_RES","7155mil","2540mil","7155mil","2540mil","7119mil","2540mil","T","360.00","RES_0805_1%_100PPM_10K"
"R50","0805_REFLOWSOLDERING_RES","6920mil","2360mil","6920mil","2360mil","6884mil","2360mil","T","360.00","RES_0805_1%_100PPM_22K"
"R53","0805_REFLOWSOLDERING_RES","8565mil","2500mil","8565mil","2500mil","8529mil","2500mil","T","360.00","RES_0805_1%_100PPM_22K"
"R56","0805_REFLOWSOLDERING_RES","8330mil","2500mil","8330mil","2500mil","8294mil","2500mil","T","360.00","RES_0805_1%_100PPM_22K"
"R51","0805_REFLOWSOLDERING_RES","6920mil","2450mil","6920mil","2450mil","6956mil","2450mil","T","180.00","RES_0805_1%_100PPM_6.8K"
"R54","0805_REFLOWSOLDERING_RES","8565mil","2590mil","8565mil","2590mil","8601mil","2590mil","T","180.00","RES_0805_1%_100PPM_6.8K"
"R57","0805_REFLOWSOLDERING_RES","8330mil","2590mil","8330mil","2590mil","8366mil","2590mil","T","180.00","RES_0805_1%_100PPM_6.8K"
"R60","0805_REFLOWSOLDERING_RES","7155mil","2450mil","7155mil","2450mil","7191mil","2450mil","T","180.00","RES_0805_1%_100PPM_6.8K"
"R64","0805_REFLOWSOLDERING_RES","8095mil","2680mil","8095mil","2680mil","8059mil","2680mil","T","360.00","RES_0805_1%_100PPM_10K"
"R67","0805_REFLOWSOLDERING_RES","7390mil","2540mil","7390mil","2540mil","7354mil","2540mil","T","360.00","RES_0805_1%_100PPM_10K"
"R70","0805_REFLOWSOLDERING_RES","7860mil","2680mil","7860mil","2680mil","7824mil","2680mil","T","360.00","RES_0805_1%_100PPM_10K"
"R73","0805_REFLOWSOLDERING_RES","7625mil","2680mil","7625mil","2680mil","7589mil","2680mil","T","360.00","RES_0805_1%_100PPM_10K"
"R62","0805_REFLOWSOLDERING_RES","8095mil","2500mil","8095mil","2500mil","8059mil","2500mil","T","360.00","RES_0805_1%_100PPM_22K"
"R65","0805_REFLOWSOLDERING_RES","7390mil","2359.37mil","7390mil","2359.37mil","7354mil","2359.37mil","T","360.00","RES_0805_1%_100PPM_22K"
"R71","0805_REFLOWSOLDERING_RES","7625mil","2500mil","7625mil","2500mil","7589mil","2500mil","T","360.00","RES_0805_1%_100PPM_22K"
"R63","0805_REFLOWSOLDERING_RES","8095mil","2590mil","8095mil","2590mil","8131mil","2590mil","T","180.00","RES_0805_1%_100PPM_6.8K"
"R69","0805_REFLOWSOLDERING_RES","7860mil","2590mil","7860mil","2590mil","7896mil","2590mil","T","180.00","RES_0805_1%_100PPM_6.8K"
"R11","0805_REFLOWSOLDERING_RES","4220mil","2770mil","4220mil","2770mil","4220mil","2734mil","T","90.00","RES_0805_1%_100PPM_6.8K"
"R17","0805_REFLOWSOLDERING_RES","4220mil","2565mil","4220mil","2565mil","4220mil","2529mil","T","90.00","RES_0805_1%_100PPM_6.8K"
"R23","0805_REFLOWSOLDERING_RES","4220mil","2975mil","4220mil","2975mil","4220mil","2939mil","T","90.00","RES_0805_1%_100PPM_6.8K"
"R29","0805_REFLOWSOLDERING_RES","4220mil","2155mil","4220mil","2155mil","4220mil","2119mil","T","90.00","RES_0805_1%_100PPM_6.8K"
"R26","0805_REFLOWSOLDERING_RES","4855mil","2220mil","4855mil","2220mil","4819mil","2220mil","T","360.00","RES_0805_1%_100PPM_6.8K"
"R48","0805_REFLOWSOLDERING_RES","6560mil","2420mil","6560mil","2420mil","6560mil","2384mil","T","90.00","RES_0805_1%_100PPM_6.8K"
"R72","0805_REFLOWSOLDERING_RES","7625mil","2590mil","7625mil","2590mil","7661mil","2590mil","T","180.00","RES_0805_1%_100PPM_6.8K"
"R1","0805_REFLOWSOLDERING_RES","426.25mil","3061.88mil","426.25mil","3061.88mil","462.25mil","3061.88mil","T","180.00","RES_0805_1%_100PPM_0R"
"R2","0805_REFLOWSOLDERING_RES","426.25mil","2980.63mil","426.25mil","2980.63mil","462.25mil","2980.63mil","T","180.00","RES_0805_1%_100PPM_0R"
"R76","0805_REFLOWSOLDERING_RES","10412.5mil","2468.75mil","10412.5mil","2468.75mil","10412.5mil","2504.75mil","T","270.00","RES_0805_1%_100PPM_10K"
"R41","0805_REFLOWSOLDERING_RES","3410mil","2130mil","3410mil","2130mil","3410mil","2166mil","T","270.00","RES_0805_1%_100PPM_10K"
"R40","0805_REFLOWSOLDERING_RES","3590mil","2130mil","3590mil","2130mil","3590mil","2166mil","T","270.00","RES_0805_1%_100PPM_10K"
"R39","0805_REFLOWSOLDERING_RES","2780mil","2840mil","2780mil","2840mil","2744mil","2840mil","T","360.00","RES_0805_1%_100PPM_1K"
"R77","0805_REFLOWSOLDERING_RES","10643.75mil","2600mil","10643.75mil","2600mil","10607.75mil","2600mil","T","360.00","RES_0805_1%_100PPM_1K"
"SUP_K1","RELAY-SUPPORT_FINDER_SERIE93","-2738.709mil","-5069mil","375mil","1215.748mil","-2738.709mil","-5069mil","T","90.00","RELAY-SUPPORT_93.11"
"SUP_K2","RELAY-SUPPORT_FINDER_SERIE93","-2738.709mil","-5069mil","1175mil","1215.748mil","-2738.709mil","-5069mil","T","90.00","RELAY-SUPPORT_93.11"
"SUP_K3","RELAY-SUPPORT_FINDER_SERIE93","-2738.709mil","-5069mil","1575mil","1215.748mil","-2738.709mil","-5069mil","T","90.00","RELAY-SUPPORT_93.11"
"SUP_K4","RELAY-SUPPORT_FINDER_SERIE95","-2738.709mil","-5069mil","2075mil","1164.37mil","-2738.709mil","-5069mil","T","0.00","RELAY-SUPPORT_95.15.2"
"SUP_K5","RELAY-SUPPORT_FINDER_SERIE95","-2738.709mil","-5069mil","2675mil","1164.37mil","-2738.709mil","-5069mil","T","0.00","RELAY-SUPPORT_95.15.2"
"SUP_K6","RELAY-SUPPORT_FINDER_SERIE95","-2738.709mil","-5069mil","3275mil","1164.37mil","-2738.709mil","-5069mil","T","0.00","RELAY-SUPPORT_95.15.2"
"SUP_K7","RELAY-SUPPORT_FINDER_SERIE95","-2738.709mil","-5069mil","3875mil","1164.37mil","-2738.709mil","-5069mil","T","0.00","RELAY-SUPPORT_95.15.2"
"SUP_K8","RELAY-SUPPORT_FINDER_SERIE95","-2738.709mil","-5069mil","4475mil","1164.37mil","-2738.709mil","-5069mil","T","0.00","RELAY-SUPPORT_95.15.2"
"SUP_K9","RELAY-SUPPORT_FINDER_SERIE95","-2738.709mil","-5069mil","5075mil","1164.37mil","-2738.709mil","-5069mil","T","0.00","RELAY-SUPPORT_95.15.2"
"SUP_K10","RELAY-SUPPORT_FINDER_SERIE95","-2738.709mil","-5069mil","6075mil","1164.37mil","-2738.709mil","-5069mil","T","0.00","RELAY-SUPPORT_95.15.2"
"SUP_K11","RELAY-SUPPORT_FINDER_SERIE95","-2738.709mil","-5069mil","6675mil","1164.37mil","-2738.709mil","-5069mil","T","180.00","RELAY-SUPPORT_95.15.2"
"SUP_K14","RELAY-SUPPORT_FINDER_SERIE95","-2738.709mil","-5069mil","8875mil","1164.37mil","-2738.709mil","-5069mil","T","180.00","RELAY-SUPPORT_95.15.2"
"SUP_K15","RELAY-SUPPORT_FINDER_SERIE95","-2738.709mil","-5069mil","9475mil","1164.37mil","-2738.709mil","-5069mil","T","180.00","RELAY-SUPPORT_95.15.2"
"SUP_K16","RELAY-SUPPORT_FINDER_SERIE93","-2738.709mil","-5069mil","9975mil","1215.748mil","-2738.709mil","-5069mil","T","90.00","RELAY-SUPPORT_93.11"
"SUP_K17","RELAY-SUPPORT_FINDER_SERIE93","-2738.709mil","-5069mil","10375mil","1215.748mil","-2738.709mil","-5069mil","T","270.00","RELAY-SUPPORT_93.11"
"T30","SOT23_3L_REFLOWSOLDERING","10450mil","2618.75mil","10450mil","2618.75mil","10411.614mil","2575.443mil","T","270.00","ZXMN3A01F"
"U6","SOIC_08_E1,27_L150_REFLOWSOLDERING","6418.75mil","2168.75mil","6418.75mil","2168.75mil","6318.75mil","2243.75mil","T","270.00","MIC4426YM"
"U3","SOT23_3L_REFLOWSOLDERING","2620mil","2800mil","2620mil","2800mil","2663.307mil","2761.614mil","T","360.00","NCP803SN308T1G"
"D8","SOT23_3L_REFLOWSOLDERING","1350mil","1956.25mil","1350mil","1956.25mil","1311.614mil","1912.943mil","T","270.00","BAT54C"
"R7","0805_REFLOWSOLDERING_RES","1281.25mil","2075mil","1281.25mil","2075mil","1317.25mil","2075mil","T","180.00","RES_0805_1%_100PPM_10K"
"T2","SOT23_3L_REFLOWSOLDERING","1206.25mil","1956.25mil","1206.25mil","1956.25mil","1244.636mil","1999.557mil","T","90.00","ZXMN3A01F"
"D9","SOT23_3L_REFLOWSOLDERING","1637.5mil","1956.25mil","1637.5mil","1956.25mil","1599.114mil","1912.943mil","T","270.00","BAT54C"
"R8","0805_REFLOWSOLDERING_RES","1568.75mil","2075mil","1568.75mil","2075mil","1604.75mil","2075mil","T","180.00","RES_0805_1%_100PPM_10K"
"T3","SOT23_3L_REFLOWSOLDERING","1493.75mil","1956.25mil","1493.75mil","1956.25mil","1532.136mil","1999.557mil","T","90.00","ZXMN3A01F"
"D11","SOT23_3L_REFLOWSOLDERING","2075mil","1875mil","2075mil","1875mil","2036.614mil","1831.693mil","T","270.00","BAT54C"
"T5","SOT23_3L_REFLOWSOLDERING","2225mil","1875mil","2225mil","1875mil","2263.386mil","1918.307mil","T","90.00","ZXMN3A01F"
"T4","SOT23_3L_REFLOWSOLDERING","1925mil","1875mil","1925mil","1875mil","1963.386mil","1918.307mil","T","90.00","ZXMN3A01F"
"D15","SOT23_3L_REFLOWSOLDERING","2675mil","1875mil","2675mil","1875mil","2636.614mil","1831.693mil","T","270.00","BAT54C"
"T7","SOT23_3L_REFLOWSOLDERING","2825mil","1875mil","2825mil","1875mil","2863.386mil","1918.307mil","T","90.00","ZXMN3A01F"
"T6","SOT23_3L_REFLOWSOLDERING","2525mil","1875mil","2525mil","1875mil","2563.386mil","1918.307mil","T","90.00","ZXMN3A01F"
"T9","SOT23_3L_REFLOWSOLDERING","3425mil","1875mil","3425mil","1875mil","3463.386mil","1918.307mil","T","90.00","ZXMN3A01F"
"T8","SOT23_3L_REFLOWSOLDERING","3125mil","1875mil","3125mil","1875mil","3163.386mil","1918.307mil","T","90.00","ZXMN3A01F"
"D23","SOT23_3L_REFLOWSOLDERING","3875mil","1875mil","3875mil","1875mil","3836.614mil","1831.693mil","T","270.00","BAT54C"
"T11","SOT23_3L_REFLOWSOLDERING","4025mil","1875mil","4025mil","1875mil","4063.386mil","1918.307mil","T","90.00","ZXMN3A01F"
"T10","SOT23_3L_REFLOWSOLDERING","3725mil","1875mil","3725mil","1875mil","3763.386mil","1918.307mil","T","90.00","ZXMN3A01F"
"D24","SOT23_3L_REFLOWSOLDERING","4475mil","1875mil","4475mil","1875mil","4436.614mil","1831.693mil","T","270.00","BAT54C"
"T13","SOT23_3L_REFLOWSOLDERING","4625mil","1875mil","4625mil","1875mil","4663.386mil","1918.307mil","T","90.00","ZXMN3A01F"
"T12","SOT23_3L_REFLOWSOLDERING","4325mil","1875mil","4325mil","1875mil","4363.386mil","1918.307mil","T","90.00","ZXMN3A01F"
"D25","SOT23_3L_REFLOWSOLDERING","5043.75mil","1875mil","5043.75mil","1875mil","5005.364mil","1831.693mil","T","270.00","BAT54C"
"T15","SOT23_3L_REFLOWSOLDERING","5193.75mil","1875mil","5193.75mil","1875mil","5232.136mil","1918.307mil","T","90.00","ZXMN3A01F"
"T14","SOT23_3L_REFLOWSOLDERING","4893.75mil","1875mil","4893.75mil","1875mil","4932.136mil","1918.307mil","T","90.00","ZXMN3A01F"
"D27","SOT23_3L_REFLOWSOLDERING","6137.5mil","1875mil","6137.5mil","1875mil","6099.114mil","1831.693mil","T","270.00","BAT54C"
"D29","SOT23_3L_REFLOWSOLDERING","6675mil","1875mil","6675mil","1875mil","6636.614mil","1831.693mil","T","270.00","BAT54C"
"D31","SOT23_3L_REFLOWSOLDERING","7275mil","1875mil","7275mil","1875mil","7236.614mil","1831.693mil","T","270.00","BAT54C"
"D34","SOT23_3L_REFLOWSOLDERING","7843.75mil","1875mil","7843.75mil","1875mil","7805.364mil","1831.693mil","T","270.00","BAT54C"
"T17","SOT23_3L_REFLOWSOLDERING","6287.5mil","1875mil","6287.5mil","1875mil","6325.886mil","1918.307mil","T","90.00","ZXMN3A01F"
"T16","SOT23_3L_REFLOWSOLDERING","5987.5mil","1875mil","5987.5mil","1875mil","6025.886mil","1918.307mil","T","90.00","ZXMN3A01F"
"T19","SOT23_3L_REFLOWSOLDERING","6825mil","1875mil","6825mil","1875mil","6863.386mil","1918.307mil","T","90.00","ZXMN3A01F"
"T18","SOT23_3L_REFLOWSOLDERING","6525mil","1875mil","6525mil","1875mil","6563.386mil","1918.307mil","T","90.00","ZXMN3A01F"
"T21","SOT23_3L_REFLOWSOLDERING","7425mil","1875mil","7425mil","1875mil","7463.386mil","1918.307mil","T","90.00","ZXMN3A01F"
"T20","SOT23_3L_REFLOWSOLDERING","7125mil","1875mil","7125mil","1875mil","7163.386mil","1918.307mil","T","90.00","ZXMN3A01F"
"T23","SOT23_3L_REFLOWSOLDERING","7993.75mil","1875mil","7993.75mil","1875mil","8032.136mil","1918.307mil","T","90.00","ZXMN3A01F"
"T22","SOT23_3L_REFLOWSOLDERING","7693.75mil","1875mil","7693.75mil","1875mil","7732.136mil","1918.307mil","T","90.00","ZXMN3A01F"
"D37","SOT23_3L_REFLOWSOLDERING","8937.5mil","1875mil","8937.5mil","1875mil","8899.114mil","1831.693mil","T","270.00","BAT54C"
"D39","SOT23_3L_REFLOWSOLDERING","9475mil","1875mil","9475mil","1875mil","9436.614mil","1831.693mil","T","270.00","BAT54C"
"T25","SOT23_3L_REFLOWSOLDERING","9087.5mil","1875mil","9087.5mil","1875mil","9125.886mil","1918.307mil","T","90.00","ZXMN3A01F"
"T24","SOT23_3L_REFLOWSOLDERING","8787.5mil","1875mil","8787.5mil","1875mil","8825.886mil","1918.307mil","T","90.00","ZXMN3A01F"
"T27","SOT23_3L_REFLOWSOLDERING","9625mil","1875mil","9625mil","1875mil","9663.386mil","1918.307mil","T","90.00","ZXMN3A01F"
"T26","SOT23_3L_REFLOWSOLDERING","9325mil","1875mil","9325mil","1875mil","9363.386mil","1918.307mil","T","90.00","ZXMN3A01F"
"D42","SOT23_3L_REFLOWSOLDERING","10037.5mil","1956.25mil","10037.5mil","1956.25mil","9999.114mil","1912.943mil","T","270.00","BAT54C"
"D43","SOT23_3L_REFLOWSOLDERING","10437.5mil","1956.25mil","10437.5mil","1956.25mil","10399.114mil","1912.943mil","T","270.00","BAT54C"
"R74","0805_REFLOWSOLDERING_RES","9968.75mil","2075mil","9968.75mil","2075mil","10004.75mil","2075mil","T","180.00","RES_0805_1%_100PPM_10K"
"R75","0805_REFLOWSOLDERING_RES","10368.75mil","2075mil","10368.75mil","2075mil","10404.75mil","2075mil","T","180.00","RES_0805_1%_100PPM_10K"
"T28","SOT23_3L_REFLOWSOLDERING","9893.75mil","1956.25mil","9893.75mil","1956.25mil","9932.136mil","1999.557mil","T","90.00","ZXMN3A01F"
"T29","SOT23_3L_REFLOWSOLDERING","10293.75mil","1956.25mil","10293.75mil","1956.25mil","10332.136mil","1999.557mil","T","90.00","ZXMN3A01F"
"D7","SOT23_3L_REFLOWSOLDERING","437.5mil","1956.25mil","437.5mil","1956.25mil","399.114mil","1912.943mil","T","270.00","BAT54C"
"R6","0805_REFLOWSOLDERING_RES","368.75mil","2075mil","368.75mil","2075mil","404.75mil","2075mil","T","180.00","RES_0805_1%_100PPM_10K"
"T1","SOT23_3L_REFLOWSOLDERING","293.75mil","1956.25mil","293.75mil","1956.25mil","332.136mil","1999.557mil","T","90.00","ZXMN3A01F"
"U7","SI943C_REV_A","8372.5mil","1426.378mil","8372.5mil","526.772mil","8372.5mil","684.252mil","T","90.00","SC943-0C"
"U2","SI943C_REV_A","852.953mil","1426.378mil","852.953mil","526.772mil","852.953mil","684.252mil","T","90.00","SC943-0C"
"J61","BRESS_FFKDSA1/V2-7,62_P1.3","8312.795mil","300mil","8175mil","93.701mil","8312.795mil","150mil","T","0.00","BRESS_CI_D_7.62_01_FFKDSA1/V2"
"J9","BRESS_FFKDSA1/V2-7,62_P1.3","712.795mil","300mil","575mil","93.701mil","712.795mil","150mil","T","0.00","BRESS_CI_D_7.62_01_FFKDSA1/V2"
"J22","BRESS_FFKDSA1/V2-7,62_P1.3","1912.795mil","300mil","1775mil","93.701mil","1912.795mil","150mil","T","0.00","BRESS_CI_D_7.62_01_FFKDSA1/V2"
"J7","BRESS_FFKDS/V2-5,08_P1.3","512.795mil","-93.701mil","375mil","-300mil","512.795mil","-243.701mil","T","0.00","BRESS_CI_D_5.08_01_FFKDS/V2"
"J10","BRESS_FFKDS/V2-5,08_P1.3","712.795mil","-93.701mil","575mil","-300mil","712.795mil","-243.701mil","T","0.00","BRESS_CI_D_5.08_01_FFKDS/V2"
"J12","BRESS_FFKDS/V2-5,08_P1.3","912.795mil","-93.701mil","775mil","-300mil","912.795mil","-243.701mil","T","0.00","BRESS_CI_D_5.08_01_FFKDS/V2"
"J17","BRESS_FFKDSA1/V2-7,62_P1.3","1312.795mil","-93.701mil","1175mil","-300mil","1312.795mil","-243.701mil","T","0.00","BRESS_CI_D_7.62_01_FFKDSA1/V2"
"J20","BRESS_FFKDS/V2-5,08_P1.3","1712.795mil","-93.701mil","1575mil","-300mil","1712.795mil","-243.701mil","T","0.00","BRESS_CI_D_5.08_01_FFKDS/V2"
"J23","BRESS_FFKDSA/V2-7,62_P1.3","1912.795mil","-93.701mil","1775mil","-300mil","1912.795mil","-243.701mil","T","0.00","BRESS_CI_D_7.62_01_FFKDSA/V2"
"J25","BRESS_FFKDSA1/V2-7,62_P1.3","2212.795mil","-93.701mil","2075mil","-300mil","2212.795mil","-243.701mil","T","0.00","BRESS_CI_D_7.62_01_FFKDSA1/V2"
"J28","BRESS_FFKDSA1/V2-7,62_P1.3","2812.795mil","-93.701mil","2675mil","-300mil","2812.795mil","-243.701mil","T","0.00","BRESS_CI_D_7.62_01_FFKDSA1/V2"
"J14","BRESS_FFKDSA1/V2-7,62_P1.3","1112.795mil","300mil","975mil","93.701mil","1112.795mil","150mil","T","0.00","BRESS_CI_D_7.62_01_FFKDSA1/V2"
"J15","BRESS_FFKDS/V2-5,08_P1.3","1112.795mil","-93.701mil","975mil","-300mil","1112.795mil","-243.701mil","T","0.00","BRESS_CI_D_5.08_01_FFKDS/V2"
"J4","BRESS_FFKDSA1/V2-7,62_P1.3","312.795mil","300mil","175mil","93.701mil","312.795mil","150mil","T","0.00","BRESS_CI_D_7.62_01_FFKDSA1/V2"
"J5","BRESS_FFKDS/V2-5,08_P1.3","312.795mil","-93.701mil","175mil","-300mil","312.795mil","-243.701mil","T","0.00","BRESS_CI_D_5.08_01_FFKDS/V2"
"J50","BRESS_FFKDSA1/V2-7,62_P1.3","6212.795mil","-93.701mil","6075mil","-300mil","6212.795mil","-243.701mil","T","0.00","BRESS_CI_D_7.62_01_FFKDSA1/V2"
"C22","0603_REFLOWSOLDERING_CAP","2983.9mil","2221.929mil","2983.9mil","2221.929mil","2983.9mil","2195.529mil","T","90.00","C_0603_NPO_5%_18P-50V"
"C21","0603_REFLOWSOLDERING_CAP","2660mil","2660mil","2660mil","2660mil","2660mil","2633.6mil","T","90.00","C_0603_NPO_5%_18P-50V"
"Q1","QUARTZ_HC49_11.5X5_CMS","2833.9mil","2478.179mil","2833.9mil","2478.179mil","2833.9mil","2665.187mil","T","270.00","QUARTZ_HC49/4HSMX_20M"
"R52","0805_REFLOWSOLDERING_RES","6920mil","2540mil","6920mil","2540mil","6884mil","2540mil","T","360.00","RES_0805_1%_100PPM_10K"
"R59","0805_REFLOWSOLDERING_RES","7155mil","2360mil","7155mil","2360mil","7119mil","2360mil","T","360.00","RES_0805_1%_100PPM_22K"
"R66","0805_REFLOWSOLDERING_RES","7390mil","2449.37mil","7390mil","2449.37mil","7426mil","2449.37mil","T","180.00","RES_0805_1%_100PPM_6.8K"
"R68","0805_REFLOWSOLDERING_RES","7860mil","2500mil","7860mil","2500mil","7824mil","2500mil","T","360.00","RES_0805_1%_100PPM_22K"
"MIR1","MIRE_PICK-N-PLACE_D1MM_VE3MM","0mil","0mil","0mil","0mil","0mil","0mil","T","0.00","MIRE_PICK-N-PLACE"
"MIR2","MIRE_PICK-N-PLACE_D1MM_VE3MM","-152.5mil","2760mil","-152.5mil","2760mil","-152.5mil","2760mil","T","0.00","MIRE_PICK-N-PLACE"
"MIR3","MIRE_PICK-N-PLACE_D1MM_VE3MM","10725mil","2750mil","10725mil","2750mil","10725mil","2750mil","T","0.00","MIRE_PICK-N-PLACE"
"C40","0603_REFLOWSOLDERING_CAP","75mil","2675mil","75mil","2675mil","48.6mil","2675mil","T","360.00","C_0603_NPO_5%_220pF-50V"
"J3","IDC2P54_26P","5325mil","2770.866mil","5325mil","2770.866mil","4725mil","2720.866mil","T","0.00","61202621621"
"R79","0603_REFLOWSOLDERING_RES","305mil","2370mil","305mil","2370mil","305mil","2396.4mil","T","270.00","RES_0603_1%_100PPM_0R"
"R80","0603_REFLOWSOLDERING_RES","-163.158mil","2370.12mil","-163.158mil","2370.12mil","-163.158mil","2396.52mil","T","270.00","RES_0603_1%_100PPM_0R"
"R78","0805_REFLOWSOLDERING_RES","1024.75mil","2587.5mil","1024.75mil","2587.5mil","1060.75mil","2587.5mil","T","180.00","RES_0805_1%_100PPM_0R"
"R4","0805_REFLOWSOLDERING_RES","1370mil","2743.75mil","1370mil","2743.75mil","1370mil","2779.75mil","T","270.00","RES_0805_1%_100PPM_9.1K"
"L2","1206_REFLOWSOLDERING_FERRITE","845mil","2687.5mil","845mil","2687.5mil","902.087mil","2687.5mil","T","180.00","IND_FERRITE_1206_74279218"
"L1","SELF_WE-TPC_4.8X4.78_(TYPE4828)","932.5mil","2862.5mil","932.5mil","2862.5mil","1001.398mil","2862.5mil","T","180.00","SELF_10UH_1.19A_744043100"
"D4","SOT23_3L_REFLOWSOLDERING","1188.75mil","2593.75mil","1188.75mil","2593.75mil","1150.364mil","2550.443mil","T","270.00","BAT54C"
"D6","SOD323_REFLOWSOLDERING","1095mil","2912.5mil","1095mil","2912.5mil","1095mil","2958.76mil","T","90.00","PMEG2020AEA"
"C1","0805_REFLOWSOLDERING_CAP","1201.25mil","2968.75mil","1201.25mil","2968.75mil","1237.25mil","2968.75mil","T","180.00","C_0805_X7R_10%_100N-50V"
"C4","0805_REFLOWSOLDERING_CAP","870mil","2587.5mil","870mil","2587.5mil","834mil","2587.5mil","T","360.00","C_0805_X5R_10%_10U-16V"
"C2","0805_REFLOWSOLDERING_CAP","1345mil","2970mil","1345mil","2970mil","1381mil","2970mil","T","180.00","C_0805_X5R_10%_10U-16V"
"C3","0603_REFLOWSOLDERING_CAP","1095mil","2770.15mil","1095mil","2770.15mil","1095mil","2796.55mil","T","270.00","C_0603_X7R_10%_10N-50V"
"U1","SOT23_6L","1226.25mil","2749.988mil","1226.25mil","2750mil","1188.848mil","2704.724mil","T","270.00","LMR12010YMK"
"R3","0805_REFLOWSOLDERING_RES","1338.75mil","2625mil","1338.75mil","2625mil","1374.75mil","2625mil","T","180.00","RES_0805_1%_100PPM_47K"
"R5","0805_REFLOWSOLDERING_RES","1257.5mil","2887.5mil","1257.5mil","2887.5mil","1293.5mil","2887.5mil","T","180.00","RES_0805_1%_100PPM_10K"

